[
    {
      "ISO": "AF",
      "Country": "Afghanistan",
      "Timezone": "Asia/Kabul",
      "Offset": 270
    },
    {
      "ISO": "AX",
      "Country": "Aland Islands",
      "Timezone": "Europe/Mariehamn",
      "Offset": 180
    },
    {
      "ISO": "AL",
      "Country": "Albania",
      "Timezone": "Europe/Tirane",
      "Offset": 120
    },
    {
      "ISO": "DZ",
      "Country": "Algeria",
      "Timezone": "Africa/Algiers",
      "Offset": 60
    },
    {
      "ISO": "AS",
      "Country": "American Samoa",
      "Timezone": "Pacific/Pago_Pago",
      "Offset": -660
    },
    {
      "ISO": "AD",
      "Country": "Andorra",
      "Timezone": "Europe/Andorra",
      "Offset": 120
    },
    {
      "ISO": "AO",
      "Country": "Angola",
      "Timezone": "Africa/Luanda",
      "Offset": 60
    },
    {
      "ISO": "AI",
      "Country": "Anguilla",
      "Timezone": "America/Anguilla",
      "Offset": -240
    },
    {
      "ISO": "AQ",
      "Country": "Antarctica",
      "Timezone": "Antarctica/Casey",
      "Offset": 480
    },
    {
      "ISO": "AQ",
      "Country": "Antarctica",
      "Timezone": "Antarctica/Davis",
      "Offset": 420
    },
    {
      "ISO": "AQ",
      "Country": "Antarctica",
      "Timezone": "Antarctica/DumontDUrville",
      "Offset": 600
    },
    {
      "ISO": "AQ",
      "Country": "Antarctica",
      "Timezone": "Antarctica/Mawson",
      "Offset": 300
    },
    {
      "ISO": "AQ",
      "Country": "Antarctica",
      "Timezone": "Antarctica/McMurdo",
      "Offset": 720
    },
    {
      "ISO": "AQ",
      "Country": "Antarctica",
      "Timezone": "Antarctica/Palmer",
      "Offset": -180
    },
    {
      "ISO": "AQ",
      "Country": "Antarctica",
      "Timezone": "Antarctica/Rothera",
      "Offset": -180
    },
    {
      "ISO": "AQ",
      "Country": "Antarctica",
      "Timezone": "Antarctica/Syowa",
      "Offset": 180
    },
    {
      "ISO": "AQ",
      "Country": "Antarctica",
      "Timezone": "Antarctica/Troll",
      "Offset": 120
    },
    {
      "ISO": "AQ",
      "Country": "Antarctica",
      "Timezone": "Antarctica/Vostok",
      "Offset": 360
    },
    {
      "ISO": "AG",
      "Country": "Antigua and Barbuda",
      "Timezone": "America/Antigua",
      "Offset": -240
    },
    {
      "ISO": "AR",
      "Country": "Argentina",
      "Timezone": "America/Argentina/Buenos_Aires",
      "Offset": -180
    },
    {
      "ISO": "AR",
      "Country": "Argentina",
      "Timezone": "America/Argentina/Catamarca",
      "Offset": -180
    },
    {
      "ISO": "AR",
      "Country": "Argentina",
      "Timezone": "America/Argentina/Cordoba",
      "Offset": -180
    },
    {
      "ISO": "AR",
      "Country": "Argentina",
      "Timezone": "America/Argentina/Jujuy",
      "Offset": -180
    },
    {
      "ISO": "AR",
      "Country": "Argentina",
      "Timezone": "America/Argentina/La_Rioja",
      "Offset": -180
    },
    {
      "ISO": "AR",
      "Country": "Argentina",
      "Timezone": "America/Argentina/Mendoza",
      "Offset": -180
    },
    {
      "ISO": "AR",
      "Country": "Argentina",
      "Timezone": "America/Argentina/Rio_Gallegos",
      "Offset": -180
    },
    {
      "ISO": "AR",
      "Country": "Argentina",
      "Timezone": "America/Argentina/Salta",
      "Offset": -180
    },
    {
      "ISO": "AR",
      "Country": "Argentina",
      "Timezone": "America/Argentina/San_Juan",
      "Offset": -180
    },
    {
      "ISO": "AR",
      "Country": "Argentina",
      "Timezone": "America/Argentina/San_Luis",
      "Offset": -180
    },
    {
      "ISO": "AR",
      "Country": "Argentina",
      "Timezone": "America/Argentina/Tucuman",
      "Offset": -180
    },
    {
      "ISO": "AR",
      "Country": "Argentina",
      "Timezone": "America/Argentina/Ushuaia",
      "Offset": -180
    },
    {
      "ISO": "AM",
      "Country": "Armenia",
      "Timezone": "Asia/Yerevan",
      "Offset": 240
    },
    {
      "ISO": "AW",
      "Country": "Aruba",
      "Timezone": "America/Aruba",
      "Offset": -240
    },
    {
      "ISO": "AU",
      "Country": "Australia",
      "Timezone": "Antarctica/Macquarie",
      "Offset": 660
    },
    {
      "ISO": "AU",
      "Country": "Australia",
      "Timezone": "Australia/Adelaide",
      "Offset": 570
    },
    {
      "ISO": "AU",
      "Country": "Australia",
      "Timezone": "Australia/Brisbane",
      "Offset": 600
    },
    {
      "ISO": "AU",
      "Country": "Australia",
      "Timezone": "Australia/Broken_Hill",
      "Offset": 570
    },
    {
      "ISO": "AU",
      "Country": "Australia",
      "Timezone": "Australia/Currie",
      "Offset": 600
    },
    {
      "ISO": "AU",
      "Country": "Australia",
      "Timezone": "Australia/Darwin",
      "Offset": 570
    },
    {
      "ISO": "AU",
      "Country": "Australia",
      "Timezone": "Australia/Eucla",
      "Offset": 525
    },
    {
      "ISO": "AU",
      "Country": "Australia",
      "Timezone": "Australia/Hobart",
      "Offset": 600
    },
    {
      "ISO": "AU",
      "Country": "Australia",
      "Timezone": "Australia/Lindeman",
      "Offset": 600
    },
    {
      "ISO": "AU",
      "Country": "Australia",
      "Timezone": "Australia/Lord_Howe",
      "Offset": 630
    },
    {
      "ISO": "AU",
      "Country": "Australia",
      "Timezone": "Australia/Melbourne",
      "Offset": 600
    },
    {
      "ISO": "AU",
      "Country": "Australia",
      "Timezone": "Australia/Perth",
      "Offset": 480
    },
    {
      "ISO": "AU",
      "Country": "Australia",
      "Timezone": "Australia/Sydney",
      "Offset": 600
    },
    {
      "ISO": "AT",
      "Country": "Austria",
      "Timezone": "Europe/Vienna",
      "Offset": 120
    },
    {
      "ISO": "AZ",
      "Country": "Azerbaijan",
      "Timezone": "Asia/Baku",
      "Offset": 240
    },
    {
      "ISO": "BS",
      "Country": "Bahamas",
      "Timezone": "America/Nassau",
      "Offset": -240
    },
    {
      "ISO": "BH",
      "Country": "Bahrain",
      "Timezone": "Asia/Bahrain",
      "Offset": 180
    },
    {
      "ISO": "BD",
      "Country": "Bangladesh",
      "Timezone": "Asia/Dhaka",
      "Offset": 360
    },
    {
      "ISO": "BB",
      "Country": "Barbados",
      "Timezone": "America/Barbados",
      "Offset": -240
    },
    {
      "ISO": "BY",
      "Country": "Belarus",
      "Timezone": "Europe/Minsk",
      "Offset": 180
    },
    {
      "ISO": "BE",
      "Country": "Belgium",
      "Timezone": "Europe/Brussels",
      "Offset": 120
    },
    {
      "ISO": "BZ",
      "Country": "Belize",
      "Timezone": "America/Belize",
      "Offset": -360
    },
    {
      "ISO": "BJ",
      "Country": "Benin",
      "Timezone": "Africa/Porto-Novo",
      "Offset": 60
    },
    {
      "ISO": "BM",
      "Country": "Bermuda",
      "Timezone": "Atlantic/Bermuda",
      "Offset": -180
    },
    {
      "ISO": "BT",
      "Country": "Bhutan",
      "Timezone": "Asia/Thimphu",
      "Offset": 360
    },
    {
      "ISO": "BO",
      "Country": "Bolivia",
      "Timezone": "America/La_Paz",
      "Offset": -240
    },
    {
      "ISO": "BQ",
      "Country": "Bonaire, Saint Eustatius and Saba",
      "Timezone": "America/Kralendijk",
      "Offset": -240
    },
    {
      "ISO": "BA",
      "Country": "Bosnia and Herzegovina",
      "Timezone": "Europe/Sarajevo",
      "Offset": 120
    },
    {
      "ISO": "BW",
      "Country": "Botswana",
      "Timezone": "Africa/Gaborone",
      "Offset": 120
    },
    {
      "ISO": "BR",
      "Country": "Brazil",
      "Timezone": "America/Araguaina",
      "Offset": -180
    },
    {
      "ISO": "BR",
      "Country": "Brazil",
      "Timezone": "America/Bahia",
      "Offset": -180
    },
    {
      "ISO": "BR",
      "Country": "Brazil",
      "Timezone": "America/Belem",
      "Offset": -180
    },
    {
      "ISO": "BR",
      "Country": "Brazil",
      "Timezone": "America/Boa_Vista",
      "Offset": -240
    },
    {
      "ISO": "BR",
      "Country": "Brazil",
      "Timezone": "America/Campo_Grande",
      "Offset": -240
    },
    {
      "ISO": "BR",
      "Country": "Brazil",
      "Timezone": "America/Cuiaba",
      "Offset": -240
    },
    {
      "ISO": "BR",
      "Country": "Brazil",
      "Timezone": "America/Eirunepe",
      "Offset": -300
    },
    {
      "ISO": "BR",
      "Country": "Brazil",
      "Timezone": "America/Fortaleza",
      "Offset": -180
    },
    {
      "ISO": "BR",
      "Country": "Brazil",
      "Timezone": "America/Maceio",
      "Offset": -180
    },
    {
      "ISO": "BR",
      "Country": "Brazil",
      "Timezone": "America/Manaus",
      "Offset": -240
    },
    {
      "ISO": "BR",
      "Country": "Brazil",
      "Timezone": "America/Noronha",
      "Offset": -120
    },
    {
      "ISO": "BR",
      "Country": "Brazil",
      "Timezone": "America/Porto_Velho",
      "Offset": -240
    },
    {
      "ISO": "BR",
      "Country": "Brazil",
      "Timezone": "America/Recife",
      "Offset": -180
    },
    {
      "ISO": "BR",
      "Country": "Brazil",
      "Timezone": "America/Rio_Branco",
      "Offset": -300
    },
    {
      "ISO": "BR",
      "Country": "Brazil",
      "Timezone": "America/Santarem",
      "Offset": -180
    },
    {
      "ISO": "BR",
      "Country": "Brazil",
      "Timezone": "America/Sao_Paulo",
      "Offset": -180
    },
    {
      "ISO": "IO",
      "Country": "British Indian Ocean Territory",
      "Timezone": "Indian/Chagos",
      "Offset": 360
    },
    {
      "ISO": "VG",
      "Country": "British Virgin Islands",
      "Timezone": "America/Tortola",
      "Offset": -240
    },
    {
      "ISO": "BN",
      "Country": "Brunei",
      "Timezone": "Asia/Brunei",
      "Offset": 480
    },
    {
      "ISO": "BG",
      "Country": "Bulgaria",
      "Timezone": "Europe/Sofia",
      "Offset": 180
    },
    {
      "ISO": "BF",
      "Country": "Burkina Faso",
      "Timezone": "Africa/Ouagadougou",
      "Offset": 0
    },
    {
      "ISO": "BI",
      "Country": "Burundi",
      "Timezone": "Africa/Bujumbura",
      "Offset": 120
    },
    {
      "ISO": "KH",
      "Country": "Cambodia",
      "Timezone": "Asia/Phnom_Penh",
      "Offset": 420
    },
    {
      "ISO": "CM",
      "Country": "Cameroon",
      "Timezone": "Africa/Douala",
      "Offset": 60
    },
    {
      "ISO": "CA",
      "Country": "Canada",
      "Timezone": "America/Atikokan",
      "Offset": -300
    },
    {
      "ISO": "CA",
      "Country": "Canada",
      "Timezone": "America/Blanc-Sablon",
      "Offset": -240
    },
    {
      "ISO": "CA",
      "Country": "Canada",
      "Timezone": "America/Cambridge_Bay",
      "Offset": -360
    },
    {
      "ISO": "CA",
      "Country": "Canada",
      "Timezone": "America/Creston",
      "Offset": -420
    },
    {
      "ISO": "CA",
      "Country": "Canada",
      "Timezone": "America/Dawson",
      "Offset": -420
    },
    {
      "ISO": "CA",
      "Country": "Canada",
      "Timezone": "America/Dawson_Creek",
      "Offset": -420
    },
    {
      "ISO": "CA",
      "Country": "Canada",
      "Timezone": "America/Edmonton",
      "Offset": -360
    },
    {
      "ISO": "CA",
      "Country": "Canada",
      "Timezone": "America/Fort_Nelson",
      "Offset": -420
    },
    {
      "ISO": "CA",
      "Country": "Canada",
      "Timezone": "America/Glace_Bay",
      "Offset": -180
    },
    {
      "ISO": "CA",
      "Country": "Canada",
      "Timezone": "America/Goose_Bay",
      "Offset": -180
    },
    {
      "ISO": "CA",
      "Country": "Canada",
      "Timezone": "America/Halifax",
      "Offset": -180
    },
    {
      "ISO": "CA",
      "Country": "Canada",
      "Timezone": "America/Inuvik",
      "Offset": -360
    },
    {
      "ISO": "CA",
      "Country": "Canada",
      "Timezone": "America/Iqaluit",
      "Offset": -240
    },
    {
      "ISO": "CA",
      "Country": "Canada",
      "Timezone": "America/Moncton",
      "Offset": -180
    },
    {
      "ISO": "CA",
      "Country": "Canada",
      "Timezone": "America/Nipigon",
      "Offset": -240
    },
    {
      "ISO": "CA",
      "Country": "Canada",
      "Timezone": "America/Pangnirtung",
      "Offset": -240
    },
    {
      "ISO": "CA",
      "Country": "Canada",
      "Timezone": "America/Rainy_River",
      "Offset": -300
    },
    {
      "ISO": "CA",
      "Country": "Canada",
      "Timezone": "America/Rankin_Inlet",
      "Offset": -300
    },
    {
      "ISO": "CA",
      "Country": "Canada",
      "Timezone": "America/Regina",
      "Offset": -360
    },
    {
      "ISO": "CA",
      "Country": "Canada",
      "Timezone": "America/Resolute",
      "Offset": -300
    },
    {
      "ISO": "CA",
      "Country": "Canada",
      "Timezone": "America/St_Johns",
      "Offset": -90
    },
    {
      "ISO": "CA",
      "Country": "Canada",
      "Timezone": "America/Swift_Current",
      "Offset": -360
    },
    {
      "ISO": "CA",
      "Country": "Canada",
      "Timezone": "America/Thunder_Bay",
      "Offset": -240
    },
    {
      "ISO": "CA",
      "Country": "Canada",
      "Timezone": "America/Toronto",
      "Offset": -240
    },
    {
      "ISO": "CA",
      "Country": "Canada",
      "Timezone": "America/Vancouver",
      "Offset": -420
    },
    {
      "ISO": "CA",
      "Country": "Canada",
      "Timezone": "America/Whitehorse",
      "Offset": -420
    },
    {
      "ISO": "CA",
      "Country": "Canada",
      "Timezone": "America/Winnipeg",
      "Offset": -300
    },
    {
      "ISO": "CA",
      "Country": "Canada",
      "Timezone": "America/Yellowknife",
      "Offset": -360
    },
    {
      "ISO": "CV",
      "Country": "Cape Verde",
      "Timezone": "Atlantic/Cape_Verde",
      "Offset": -60
    },
    {
      "ISO": "KY",
      "Country": "Cayman Islands",
      "Timezone": "America/Cayman",
      "Offset": -300
    },
    {
      "ISO": "CF",
      "Country": "Central African Republic",
      "Timezone": "Africa/Bangui",
      "Offset": 60
    },
    {
      "ISO": "TD",
      "Country": "Chad",
      "Timezone": "Africa/Ndjamena",
      "Offset": 60
    },
    {
      "ISO": "CL",
      "Country": "Chile",
      "Timezone": "America/Punta_Arenas",
      "Offset": -180
    },
    {
      "ISO": "CL",
      "Country": "Chile",
      "Timezone": "America/Santiago",
      "Offset": -240
    },
    {
      "ISO": "CL",
      "Country": "Chile",
      "Timezone": "Pacific/Easter",
      "Offset": -360
    },
    {
      "ISO": "CN",
      "Country": "China",
      "Timezone": "Asia/Shanghai",
      "Offset": 480
    },
    {
      "ISO": "CN",
      "Country": "China",
      "Timezone": "Asia/Urumqi",
      "Offset": 360
    },
    {
      "ISO": "CX",
      "Country": "Christmas Island",
      "Timezone": "Indian/Christmas",
      "Offset": 420
    },
    {
      "ISO": "CC",
      "Country": "Cocos Islands",
      "Timezone": "Indian/Cocos",
      "Offset": 390
    },
    {
      "ISO": "CO",
      "Country": "Colombia",
      "Timezone": "America/Bogota",
      "Offset": -300
    },
    {
      "ISO": "KM",
      "Country": "Comoros",
      "Timezone": "Indian/Comoro",
      "Offset": 180
    },
    {
      "ISO": "CK",
      "Country": "Cook Islands",
      "Timezone": "Pacific/Rarotonga",
      "Offset": -600
    },
    {
      "ISO": "CR",
      "Country": "Costa Rica",
      "Timezone": "America/Costa_Rica",
      "Offset": -360
    },
    {
      "ISO": "HR",
      "Country": "Croatia",
      "Timezone": "Europe/Zagreb",
      "Offset": 120
    },
    {
      "ISO": "CU",
      "Country": "Cuba",
      "Timezone": "America/Havana",
      "Offset": -240
    },
    {
      "ISO": "CW",
      "Country": "Curaçao",
      "Timezone": "America/Curacao",
      "Offset": -240
    },
    {
      "ISO": "CY",
      "Country": "Cyprus",
      "Timezone": "Asia/Famagusta",
      "Offset": 180
    },
    {
      "ISO": "CY",
      "Country": "Cyprus",
      "Timezone": "Asia/Nicosia",
      "Offset": 180
    },
    {
      "ISO": "CZ",
      "Country": "Czech Republic",
      "Timezone": "Europe/Prague",
      "Offset": 120
    },
    {
      "ISO": "CD",
      "Country": "Democratic Republic of the Congo",
      "Timezone": "Africa/Kinshasa",
      "Offset": 60
    },
    {
      "ISO": "CD",
      "Country": "Democratic Republic of the Congo",
      "Timezone": "Africa/Lubumbashi",
      "Offset": 120
    },
    {
      "ISO": "DK",
      "Country": "Denmark",
      "Timezone": "Europe/Copenhagen",
      "Offset": 120
    },
    {
      "ISO": "DJ",
      "Country": "Djibouti",
      "Timezone": "Africa/Djibouti",
      "Offset": 180
    },
    {
      "ISO": "DM",
      "Country": "Dominica",
      "Timezone": "America/Dominica",
      "Offset": -240
    },
    {
      "ISO": "DO",
      "Country": "Dominican Republic",
      "Timezone": "America/Santo_Domingo",
      "Offset": -240
    },
    {
      "ISO": "TL",
      "Country": "East Timor",
      "Timezone": "Asia/Dili",
      "Offset": 540
    },
    {
      "ISO": "EC",
      "Country": "Ecuador",
      "Timezone": "America/Guayaquil",
      "Offset": -300
    },
    {
      "ISO": "EC",
      "Country": "Ecuador",
      "Timezone": "Pacific/Galapagos",
      "Offset": -360
    },
    {
      "ISO": "EG",
      "Country": "Egypt",
      "Timezone": "Africa/Cairo",
      "Offset": 120
    },
    {
      "ISO": "SV",
      "Country": "El Salvador",
      "Timezone": "America/El_Salvador",
      "Offset": -360
    },
    {
      "ISO": "GQ",
      "Country": "Equatorial Guinea",
      "Timezone": "Africa/Malabo",
      "Offset": 60
    },
    {
      "ISO": "ER",
      "Country": "Eritrea",
      "Timezone": "Africa/Asmara",
      "Offset": 180
    },
    {
      "ISO": "EE",
      "Country": "Estonia",
      "Timezone": "Europe/Tallinn",
      "Offset": 180
    },
    {
      "ISO": "ET",
      "Country": "Ethiopia",
      "Timezone": "Africa/Addis_Ababa",
      "Offset": 180
    },
    {
      "ISO": "FK",
      "Country": "Falkland Islands",
      "Timezone": "Atlantic/Stanley",
      "Offset": -180
    },
    {
      "ISO": "FO",
      "Country": "Faroe Islands",
      "Timezone": "Atlantic/Faroe",
      "Offset": 60
    },
    {
      "ISO": "FJ",
      "Country": "Fiji",
      "Timezone": "Pacific/Fiji",
      "Offset": 720
    },
    {
      "ISO": "FI",
      "Country": "Finland",
      "Timezone": "Europe/Helsinki",
      "Offset": 180
    },
    {
      "ISO": "FR",
      "Country": "France",
      "Timezone": "Europe/Paris",
      "Offset": 120
    },
    {
      "ISO": "GF",
      "Country": "French Guiana",
      "Timezone": "America/Cayenne",
      "Offset": -180
    },
    {
      "ISO": "PF",
      "Country": "French Polynesia",
      "Timezone": "Pacific/Gambier",
      "Offset": -540
    },
    {
      "ISO": "PF",
      "Country": "French Polynesia",
      "Timezone": "Pacific/Marquesas",
      "Offset": -510
    },
    {
      "ISO": "PF",
      "Country": "French Polynesia",
      "Timezone": "Pacific/Tahiti",
      "Offset": -600
    },
    {
      "ISO": "TF",
      "Country": "French Southern Territories",
      "Timezone": "Indian/Kerguelen",
      "Offset": 300
    },
    {
      "ISO": "GA",
      "Country": "Gabon",
      "Timezone": "Africa/Libreville",
      "Offset": 60
    },
    {
      "ISO": "GM",
      "Country": "Gambia",
      "Timezone": "Africa/Banjul",
      "Offset": 0
    },
    {
      "ISO": "GE",
      "Country": "Georgia",
      "Timezone": "Asia/Tbilisi",
      "Offset": 240
    },
    {
      "ISO": "DE",
      "Country": "Germany",
      "Timezone": "Europe/Berlin",
      "Offset": 120
    },
    {
      "ISO": "DE",
      "Country": "Germany",
      "Timezone": "Europe/Busingen",
      "Offset": 120
    },
    {
      "ISO": "GH",
      "Country": "Ghana",
      "Timezone": "Africa/Accra",
      "Offset": 0
    },
    {
      "ISO": "GI",
      "Country": "Gibraltar",
      "Timezone": "Europe/Gibraltar",
      "Offset": 120
    },
    {
      "ISO": "GR",
      "Country": "Greece",
      "Timezone": "Europe/Athens",
      "Offset": 180
    },
    {
      "ISO": "GL",
      "Country": "Greenland",
      "Timezone": "America/Danmarkshavn",
      "Offset": 0
    },
    {
      "ISO": "GL",
      "Country": "Greenland",
      "Timezone": "America/Godthab",
      "Offset": -120
    },
    {
      "ISO": "GL",
      "Country": "Greenland",
      "Timezone": "America/Scoresbysund",
      "Offset": 0
    },
    {
      "ISO": "GL",
      "Country": "Greenland",
      "Timezone": "America/Thule",
      "Offset": -180
    },
    {
      "ISO": "GD",
      "Country": "Grenada",
      "Timezone": "America/Grenada",
      "Offset": -240
    },
    {
      "ISO": "GP",
      "Country": "Guadeloupe",
      "Timezone": "America/Guadeloupe",
      "Offset": -240
    },
    {
      "ISO": "GU",
      "Country": "Guam",
      "Timezone": "Pacific/Guam",
      "Offset": 600
    },
    {
      "ISO": "GT",
      "Country": "Guatemala",
      "Timezone": "America/Guatemala",
      "Offset": -360
    },
    {
      "ISO": "GG",
      "Country": "Guernsey",
      "Timezone": "Europe/Guernsey",
      "Offset": 60
    },
    {
      "ISO": "GN",
      "Country": "Guinea",
      "Timezone": "Africa/Conakry",
      "Offset": 0
    },
    {
      "ISO": "GW",
      "Country": "Guinea-Bissau",
      "Timezone": "Africa/Bissau",
      "Offset": 0
    },
    {
      "ISO": "GY",
      "Country": "Guyana",
      "Timezone": "America/Guyana",
      "Offset": -240
    },
    {
      "ISO": "HT",
      "Country": "Haiti",
      "Timezone": "America/Port-au-Prince",
      "Offset": -240
    },
    {
      "ISO": "HN",
      "Country": "Honduras",
      "Timezone": "America/Tegucigalpa",
      "Offset": -360
    },
    {
      "ISO": "HK",
      "Country": "Hong Kong",
      "Timezone": "Asia/Hong_Kong",
      "Offset": 480
    },
    {
      "ISO": "HU",
      "Country": "Hungary",
      "Timezone": "Europe/Budapest",
      "Offset": 120
    },
    {
      "ISO": "IS",
      "Country": "Iceland",
      "Timezone": "Atlantic/Reykjavik",
      "Offset": 0
    },
    {
      "ISO": "IN",
      "Country": "India",
      "Timezone": "Asia/Kolkata",
      "Offset": 330
    },
    {
      "ISO": "ID",
      "Country": "Indonesia",
      "Timezone": "Asia/Jakarta",
      "Offset": 420
    },
    {
      "ISO": "ID",
      "Country": "Indonesia",
      "Timezone": "Asia/Jayapura",
      "Offset": 540
    },
    {
      "ISO": "ID",
      "Country": "Indonesia",
      "Timezone": "Asia/Makassar",
      "Offset": 480
    },
    {
      "ISO": "ID",
      "Country": "Indonesia",
      "Timezone": "Asia/Pontianak",
      "Offset": 420
    },
    {
      "ISO": "IR",
      "Country": "Iran",
      "Timezone": "Asia/Tehran",
      "Offset": 270
    },
    {
      "ISO": "IQ",
      "Country": "Iraq",
      "Timezone": "Asia/Baghdad",
      "Offset": 180
    },
    {
      "ISO": "IE",
      "Country": "Ireland",
      "Timezone": "Europe/Dublin",
      "Offset": 60
    },
    {
      "ISO": "IM",
      "Country": "Isle of Man",
      "Timezone": "Europe/Isle_of_Man",
      "Offset": 60
    },
    {
      "ISO": "IL",
      "Country": "Israel",
      "Timezone": "Asia/Jerusalem",
      "Offset": 180
    },
    {
      "ISO": "IT",
      "Country": "Italy",
      "Timezone": "Europe/Rome",
      "Offset": 120
    },
    {
      "ISO": "CI",
      "Country": "Ivory Coast",
      "Timezone": "Africa/Abidjan",
      "Offset": 0
    },
    {
      "ISO": "JM",
      "Country": "Jamaica",
      "Timezone": "America/Jamaica",
      "Offset": -300
    },
    {
      "ISO": "JP",
      "Country": "Japan",
      "Timezone": "Asia/Tokyo",
      "Offset": 540
    },
    {
      "ISO": "JE",
      "Country": "Jersey",
      "Timezone": "Europe/Jersey",
      "Offset": 60
    },
    {
      "ISO": "JO",
      "Country": "Jordan",
      "Timezone": "Asia/Amman",
      "Offset": 180
    },
    {
      "ISO": "KZ",
      "Country": "Kazakhstan",
      "Timezone": "Asia/Almaty",
      "Offset": 360
    },
    {
      "ISO": "KZ",
      "Country": "Kazakhstan",
      "Timezone": "Asia/Aqtau",
      "Offset": 300
    },
    {
      "ISO": "KZ",
      "Country": "Kazakhstan",
      "Timezone": "Asia/Aqtobe",
      "Offset": 300
    },
    {
      "ISO": "KZ",
      "Country": "Kazakhstan",
      "Timezone": "Asia/Atyrau",
      "Offset": 300
    },
    {
      "ISO": "KZ",
      "Country": "Kazakhstan",
      "Timezone": "Asia/Oral",
      "Offset": 300
    },
    {
      "ISO": "KZ",
      "Country": "Kazakhstan",
      "Timezone": "Asia/Qyzylorda",
      "Offset": 360
    },
    {
      "ISO": "KE",
      "Country": "Kenya",
      "Timezone": "Africa/Nairobi",
      "Offset": 180
    },
    {
      "ISO": "KI",
      "Country": "Kiribati",
      "Timezone": "Pacific/Enderbury",
      "Offset": 780
    },
    {
      "ISO": "KI",
      "Country": "Kiribati",
      "Timezone": "Pacific/Kiritimati",
      "Offset": 840
    },
    {
      "ISO": "KI",
      "Country": "Kiribati",
      "Timezone": "Pacific/Tarawa",
      "Offset": 720
    },
    {
      "ISO": "KW",
      "Country": "Kuwait",
      "Timezone": "Asia/Kuwait",
      "Offset": 180
    },
    {
      "ISO": "KG",
      "Country": "Kyrgyzstan",
      "Timezone": "Asia/Bishkek",
      "Offset": 360
    },
    {
      "ISO": "LA",
      "Country": "Laos",
      "Timezone": "Asia/Vientiane",
      "Offset": 420
    },
    {
      "ISO": "LV",
      "Country": "Latvia",
      "Timezone": "Europe/Riga",
      "Offset": 180
    },
    {
      "ISO": "LB",
      "Country": "Lebanon",
      "Timezone": "Asia/Beirut",
      "Offset": 180
    },
    {
      "ISO": "LS",
      "Country": "Lesotho",
      "Timezone": "Africa/Maseru",
      "Offset": 120
    },
    {
      "ISO": "LR",
      "Country": "Liberia",
      "Timezone": "Africa/Monrovia",
      "Offset": 0
    },
    {
      "ISO": "LY",
      "Country": "Libya",
      "Timezone": "Africa/Tripoli",
      "Offset": 120
    },
    {
      "ISO": "LI",
      "Country": "Liechtenstein",
      "Timezone": "Europe/Vaduz",
      "Offset": 120
    },
    {
      "ISO": "LT",
      "Country": "Lithuania",
      "Timezone": "Europe/Vilnius",
      "Offset": 180
    },
    {
      "ISO": "LU",
      "Country": "Luxembourg",
      "Timezone": "Europe/Luxembourg",
      "Offset": 120
    },
    {
      "ISO": "MO",
      "Country": "Macao",
      "Timezone": "Asia/Macau",
      "Offset": 480
    },
    {
      "ISO": "MK",
      "Country": "Macedonia",
      "Timezone": "Europe/Skopje",
      "Offset": 120
    },
    {
      "ISO": "MG",
      "Country": "Madagascar",
      "Timezone": "Indian/Antananarivo",
      "Offset": 180
    },
    {
      "ISO": "MW",
      "Country": "Malawi",
      "Timezone": "Africa/Blantyre",
      "Offset": 120
    },
    {
      "ISO": "MY",
      "Country": "Malaysia",
      "Timezone": "Asia/Kuala_Lumpur",
      "Offset": 480
    },
    {
      "ISO": "MY",
      "Country": "Malaysia",
      "Timezone": "Asia/Kuching",
      "Offset": 480
    },
    {
      "ISO": "MV",
      "Country": "Maldives",
      "Timezone": "Indian/Maldives",
      "Offset": 300
    },
    {
      "ISO": "ML",
      "Country": "Mali",
      "Timezone": "Africa/Bamako",
      "Offset": 0
    },
    {
      "ISO": "MT",
      "Country": "Malta",
      "Timezone": "Europe/Malta",
      "Offset": 120
    },
    {
      "ISO": "MH",
      "Country": "Marshall Islands",
      "Timezone": "Pacific/Kwajalein",
      "Offset": 720
    },
    {
      "ISO": "MH",
      "Country": "Marshall Islands",
      "Timezone": "Pacific/Majuro",
      "Offset": 720
    },
    {
      "ISO": "MQ",
      "Country": "Martinique",
      "Timezone": "America/Martinique",
      "Offset": -240
    },
    {
      "ISO": "MR",
      "Country": "Mauritania",
      "Timezone": "Africa/Nouakchott",
      "Offset": 0
    },
    {
      "ISO": "MU",
      "Country": "Mauritius",
      "Timezone": "Indian/Mauritius",
      "Offset": 240
    },
    {
      "ISO": "YT",
      "Country": "Mayotte",
      "Timezone": "Indian/Mayotte",
      "Offset": 180
    },
    {
      "ISO": "MX",
      "Country": "Mexico",
      "Timezone": "America/Bahia_Banderas",
      "Offset": -300
    },
    {
      "ISO": "MX",
      "Country": "Mexico",
      "Timezone": "America/Cancun",
      "Offset": -300
    },
    {
      "ISO": "MX",
      "Country": "Mexico",
      "Timezone": "America/Chihuahua",
      "Offset": -360
    },
    {
      "ISO": "MX",
      "Country": "Mexico",
      "Timezone": "America/Hermosillo",
      "Offset": -420
    },
    {
      "ISO": "MX",
      "Country": "Mexico",
      "Timezone": "America/Matamoros",
      "Offset": -300
    },
    {
      "ISO": "MX",
      "Country": "Mexico",
      "Timezone": "America/Mazatlan",
      "Offset": -360
    },
    {
      "ISO": "MX",
      "Country": "Mexico",
      "Timezone": "America/Merida",
      "Offset": -300
    },
    {
      "ISO": "MX",
      "Country": "Mexico",
      "Timezone": "America/Mexico_City",
      "Offset": -300
    },
    {
      "ISO": "MX",
      "Country": "Mexico",
      "Timezone": "America/Monterrey",
      "Offset": -300
    },
    {
      "ISO": "MX",
      "Country": "Mexico",
      "Timezone": "America/Ojinaga",
      "Offset": -360
    },
    {
      "ISO": "MX",
      "Country": "Mexico",
      "Timezone": "America/Tijuana",
      "Offset": -420
    },
    {
      "ISO": "FM",
      "Country": "Micronesia",
      "Timezone": "Pacific/Chuuk",
      "Offset": 600
    },
    {
      "ISO": "FM",
      "Country": "Micronesia",
      "Timezone": "Pacific/Kosrae",
      "Offset": 660
    },
    {
      "ISO": "FM",
      "Country": "Micronesia",
      "Timezone": "Pacific/Pohnpei",
      "Offset": 660
    },
    {
      "ISO": "MD",
      "Country": "Moldova",
      "Timezone": "Europe/Chisinau",
      "Offset": 180
    },
    {
      "ISO": "MC",
      "Country": "Monaco",
      "Timezone": "Europe/Monaco",
      "Offset": 120
    },
    {
      "ISO": "MN",
      "Country": "Mongolia",
      "Timezone": "Asia/Choibalsan",
      "Offset": 480
    },
    {
      "ISO": "MN",
      "Country": "Mongolia",
      "Timezone": "Asia/Hovd",
      "Offset": 420
    },
    {
      "ISO": "MN",
      "Country": "Mongolia",
      "Timezone": "Asia/Ulaanbaatar",
      "Offset": 480
    },
    {
      "ISO": "ME",
      "Country": "Montenegro",
      "Timezone": "Europe/Podgorica",
      "Offset": 120
    },
    {
      "ISO": "MS",
      "Country": "Montserrat",
      "Timezone": "America/Montserrat",
      "Offset": -240
    },
    {
      "ISO": "MA",
      "Country": "Morocco",
      "Timezone": "Africa/Casablanca",
      "Offset": 60
    },
    {
      "ISO": "MZ",
      "Country": "Mozambique",
      "Timezone": "Africa/Maputo",
      "Offset": 120
    },
    {
      "ISO": "MM",
      "Country": "Myanmar",
      "Timezone": "Asia/Yangon",
      "Offset": 390
    },
    {
      "ISO": "NA",
      "Country": "Namibia",
      "Timezone": "Africa/Windhoek",
      "Offset": 120
    },
    {
      "ISO": "NR",
      "Country": "Nauru",
      "Timezone": "Pacific/Nauru",
      "Offset": 720
    },
    {
      "ISO": "NP",
      "Country": "Nepal",
      "Timezone": "Asia/Kathmandu",
      "Offset": 345
    },
    {
      "ISO": "NL",
      "Country": "Netherlands",
      "Timezone": "Europe/Amsterdam",
      "Offset": 120
    },
    {
      "ISO": "NC",
      "Country": "New Caledonia",
      "Timezone": "Pacific/Noumea",
      "Offset": 660
    },
    {
      "ISO": "NZ",
      "Country": "New Zealand",
      "Timezone": "Pacific/Auckland",
      "Offset": 720
    },
    {
      "ISO": "NZ",
      "Country": "New Zealand",
      "Timezone": "Pacific/Chatham",
      "Offset": 765
    },
    {
      "ISO": "NI",
      "Country": "Nicaragua",
      "Timezone": "America/Managua",
      "Offset": -360
    },
    {
      "ISO": "NE",
      "Country": "Niger",
      "Timezone": "Africa/Niamey",
      "Offset": 60
    },
    {
      "ISO": "NG",
      "Country": "Nigeria",
      "Timezone": "Africa/Lagos",
      "Offset": 60
    },
    {
      "ISO": "NU",
      "Country": "Niue",
      "Timezone": "Pacific/Niue",
      "Offset": -660
    },
    {
      "ISO": "NF",
      "Country": "Norfolk Island",
      "Timezone": "Pacific/Norfolk",
      "Offset": 660
    },
    {
      "ISO": "KP",
      "Country": "North Korea",
      "Timezone": "Asia/Pyongyang",
      "Offset": 540
    },
    {
      "ISO": "MP",
      "Country": "Northern Mariana Islands",
      "Timezone": "Pacific/Saipan",
      "Offset": 600
    },
    {
      "ISO": "NO",
      "Country": "Norway",
      "Timezone": "Europe/Oslo",
      "Offset": 120
    },
    {
      "ISO": "OM",
      "Country": "Oman",
      "Timezone": "Asia/Muscat",
      "Offset": 240
    },
    {
      "ISO": "PK",
      "Country": "Pakistan",
      "Timezone": "Asia/Karachi",
      "Offset": 300
    },
    {
      "ISO": "PW",
      "Country": "Palau",
      "Timezone": "Pacific/Palau",
      "Offset": 540
    },
    {
      "ISO": "PS",
      "Country": "Palestinian Territory",
      "Timezone": "Asia/Gaza",
      "Offset": 180
    },
    {
      "ISO": "PS",
      "Country": "Palestinian Territory",
      "Timezone": "Asia/Hebron",
      "Offset": 180
    },
    {
      "ISO": "PA",
      "Country": "Panama",
      "Timezone": "America/Panama",
      "Offset": -300
    },
    {
      "ISO": "PG",
      "Country": "Papua New Guinea",
      "Timezone": "Pacific/Bougainville",
      "Offset": 660
    },
    {
      "ISO": "PG",
      "Country": "Papua New Guinea",
      "Timezone": "Pacific/Port_Moresby",
      "Offset": 600
    },
    {
      "ISO": "PY",
      "Country": "Paraguay",
      "Timezone": "America/Asuncion",
      "Offset": -240
    },
    {
      "ISO": "PE",
      "Country": "Peru",
      "Timezone": "America/Lima",
      "Offset": -300
    },
    {
      "ISO": "PH",
      "Country": "Philippines",
      "Timezone": "Asia/Manila",
      "Offset": 480
    },
    {
      "ISO": "PN",
      "Country": "Pitcairn",
      "Timezone": "Pacific/Pitcairn",
      "Offset": -480
    },
    {
      "ISO": "PL",
      "Country": "Poland",
      "Timezone": "Europe/Warsaw",
      "Offset": 120
    },
    {
      "ISO": "PT",
      "Country": "Portugal",
      "Timezone": "Atlantic/Azores",
      "Offset": 0
    },
    {
      "ISO": "PT",
      "Country": "Portugal",
      "Timezone": "Atlantic/Madeira",
      "Offset": 60
    },
    {
      "ISO": "PT",
      "Country": "Portugal",
      "Timezone": "Europe/Lisbon",
      "Offset": 60
    },
    {
      "ISO": "PR",
      "Country": "Puerto Rico",
      "Timezone": "America/Puerto_Rico",
      "Offset": -240
    },
    {
      "ISO": "QA",
      "Country": "Qatar",
      "Timezone": "Asia/Qatar",
      "Offset": 180
    },
    {
      "ISO": "CG",
      "Country": "Republic of the Congo",
      "Timezone": "Africa/Brazzaville",
      "Offset": 60
    },
    {
      "ISO": "RE",
      "Country": "Reunion",
      "Timezone": "Indian/Reunion",
      "Offset": 240
    },
    {
      "ISO": "RO",
      "Country": "Romania",
      "Timezone": "Europe/Bucharest",
      "Offset": 180
    },
    {
      "ISO": "RU",
      "Country": "Russia",
      "Timezone": "Asia/Anadyr",
      "Offset": 720
    },
    {
      "ISO": "RU",
      "Country": "Russia",
      "Timezone": "Asia/Barnaul",
      "Offset": 420
    },
    {
      "ISO": "RU",
      "Country": "Russia",
      "Timezone": "Asia/Chita",
      "Offset": 540
    },
    {
      "ISO": "RU",
      "Country": "Russia",
      "Timezone": "Asia/Irkutsk",
      "Offset": 480
    },
    {
      "ISO": "RU",
      "Country": "Russia",
      "Timezone": "Asia/Kamchatka",
      "Offset": 720
    },
    {
      "ISO": "RU",
      "Country": "Russia",
      "Timezone": "Asia/Khandyga",
      "Offset": 540
    },
    {
      "ISO": "RU",
      "Country": "Russia",
      "Timezone": "Asia/Krasnoyarsk",
      "Offset": 420
    },
    {
      "ISO": "RU",
      "Country": "Russia",
      "Timezone": "Asia/Magadan",
      "Offset": 660
    },
    {
      "ISO": "RU",
      "Country": "Russia",
      "Timezone": "Asia/Novokuznetsk",
      "Offset": 420
    },
    {
      "ISO": "RU",
      "Country": "Russia",
      "Timezone": "Asia/Novosibirsk",
      "Offset": 420
    },
    {
      "ISO": "RU",
      "Country": "Russia",
      "Timezone": "Asia/Omsk",
      "Offset": 360
    },
    {
      "ISO": "RU",
      "Country": "Russia",
      "Timezone": "Asia/Sakhalin",
      "Offset": 660
    },
    {
      "ISO": "RU",
      "Country": "Russia",
      "Timezone": "Asia/Srednekolymsk",
      "Offset": 660
    },
    {
      "ISO": "RU",
      "Country": "Russia",
      "Timezone": "Asia/Tomsk",
      "Offset": 420
    },
    {
      "ISO": "RU",
      "Country": "Russia",
      "Timezone": "Asia/Ust-Nera",
      "Offset": 600
    },
    {
      "ISO": "RU",
      "Country": "Russia",
      "Timezone": "Asia/Vladivostok",
      "Offset": 600
    },
    {
      "ISO": "RU",
      "Country": "Russia",
      "Timezone": "Asia/Yakutsk",
      "Offset": 540
    },
    {
      "ISO": "RU",
      "Country": "Russia",
      "Timezone": "Asia/Yekaterinburg",
      "Offset": 300
    },
    {
      "ISO": "RU",
      "Country": "Russia",
      "Timezone": "Europe/Astrakhan",
      "Offset": 240
    },
    {
      "ISO": "RU",
      "Country": "Russia",
      "Timezone": "Europe/Kaliningrad",
      "Offset": 120
    },
    {
      "ISO": "RU",
      "Country": "Russia",
      "Timezone": "Europe/Kirov",
      "Offset": 180
    },
    {
      "ISO": "RU",
      "Country": "Russia",
      "Timezone": "Europe/Moscow",
      "Offset": 180
    },
    {
      "ISO": "RU",
      "Country": "Russia",
      "Timezone": "Europe/Samara",
      "Offset": 240
    },
    {
      "ISO": "RU",
      "Country": "Russia",
      "Timezone": "Europe/Saratov",
      "Offset": 240
    },
    {
      "ISO": "RU",
      "Country": "Russia",
      "Timezone": "Europe/Simferopol",
      "Offset": 180
    },
    {
      "ISO": "RU",
      "Country": "Russia",
      "Timezone": "Europe/Ulyanovsk",
      "Offset": 240
    },
    {
      "ISO": "RU",
      "Country": "Russia",
      "Timezone": "Europe/Volgograd",
      "Offset": 180
    },
    {
      "ISO": "RW",
      "Country": "Rwanda",
      "Timezone": "Africa/Kigali",
      "Offset": 120
    },
    {
      "ISO": "BL",
      "Country": "Saint Barthélemy",
      "Timezone": "America/St_Barthelemy",
      "Offset": -240
    },
    {
      "ISO": "SH",
      "Country": "Saint Helena",
      "Timezone": "Atlantic/St_Helena",
      "Offset": 0
    },
    {
      "ISO": "KN",
      "Country": "Saint Kitts and Nevis",
      "Timezone": "America/St_Kitts",
      "Offset": -240
    },
    {
      "ISO": "LC",
      "Country": "Saint Lucia",
      "Timezone": "America/St_Lucia",
      "Offset": -240
    },
    {
      "ISO": "MF",
      "Country": "Saint Martin",
      "Timezone": "America/Marigot",
      "Offset": -240
    },
    {
      "ISO": "PM",
      "Country": "Saint Pierre and Miquelon",
      "Timezone": "America/Miquelon",
      "Offset": -120
    },
    {
      "ISO": "VC",
      "Country": "Saint Vincent and the Grenadines",
      "Timezone": "America/St_Vincent",
      "Offset": -240
    },
    {
      "ISO": "WS",
      "Country": "Samoa",
      "Timezone": "Pacific/Apia",
      "Offset": 780
    },
    {
      "ISO": "SM",
      "Country": "San Marino",
      "Timezone": "Europe/San_Marino",
      "Offset": 120
    },
    {
      "ISO": "ST",
      "Country": "Sao Tome and Principe",
      "Timezone": "Africa/Sao_Tome",
      "Offset": 60
    },
    {
      "ISO": "SA",
      "Country": "Saudi Arabia",
      "Timezone": "Asia/Riyadh",
      "Offset": 180
    },
    {
      "ISO": "SN",
      "Country": "Senegal",
      "Timezone": "Africa/Dakar",
      "Offset": 0
    },
    {
      "ISO": "RS",
      "Country": "Serbia",
      "Timezone": "Europe/Belgrade",
      "Offset": 120
    },
    {
      "ISO": "SC",
      "Country": "Seychelles",
      "Timezone": "Indian/Mahe",
      "Offset": 240
    },
    {
      "ISO": "SL",
      "Country": "Sierra Leone",
      "Timezone": "Africa/Freetown",
      "Offset": 0
    },
    {
      "ISO": "SG",
      "Country": "Singapore",
      "Timezone": "Asia/Singapore",
      "Offset": 480
    },
    {
      "ISO": "SX",
      "Country": "Sint Maarten",
      "Timezone": "America/Lower_Princes",
      "Offset": -240
    },
    {
      "ISO": "SK",
      "Country": "Slovakia",
      "Timezone": "Europe/Bratislava",
      "Offset": 120
    },
    {
      "ISO": "SI",
      "Country": "Slovenia",
      "Timezone": "Europe/Ljubljana",
      "Offset": 120
    },
    {
      "ISO": "SB",
      "Country": "Solomon Islands",
      "Timezone": "Pacific/Guadalcanal",
      "Offset": 660
    },
    {
      "ISO": "SO",
      "Country": "Somalia",
      "Timezone": "Africa/Mogadishu",
      "Offset": 180
    },
    {
      "ISO": "ZA",
      "Country": "South Africa",
      "Timezone": "Africa/Johannesburg",
      "Offset": 120
    },
    {
      "ISO": "GS",
      "Country": "South Georgia and the South Sandwich Islands",
      "Timezone": "Atlantic/South_Georgia",
      "Offset": -120
    },
    {
      "ISO": "KR",
      "Country": "South Korea",
      "Timezone": "Asia/Seoul",
      "Offset": 540
    },
    {
      "ISO": "SS",
      "Country": "South Sudan",
      "Timezone": "Africa/Juba",
      "Offset": 180
    },
    {
      "ISO": "ES",
      "Country": "Spain",
      "Timezone": "Africa/Ceuta",
      "Offset": 120
    },
    {
      "ISO": "ES",
      "Country": "Spain",
      "Timezone": "Atlantic/Canary",
      "Offset": 60
    },
    {
      "ISO": "ES",
      "Country": "Spain",
      "Timezone": "Europe/Madrid",
      "Offset": 120
    },
    {
      "ISO": "LK",
      "Country": "Sri Lanka",
      "Timezone": "Asia/Colombo",
      "Offset": 330
    },
    {
      "ISO": "SD",
      "Country": "Sudan",
      "Timezone": "Africa/Khartoum",
      "Offset": 120
    },
    {
      "ISO": "SR",
      "Country": "Suriname",
      "Timezone": "America/Paramaribo",
      "Offset": -180
    },
    {
      "ISO": "SJ",
      "Country": "Svalbard and Jan Mayen",
      "Timezone": "Arctic/Longyearbyen",
      "Offset": 120
    },
    {
      "ISO": "SZ",
      "Country": "Swaziland",
      "Timezone": "Africa/Mbabane",
      "Offset": 120
    },
    {
      "ISO": "SE",
      "Country": "Sweden",
      "Timezone": "Europe/Stockholm",
      "Offset": 120
    },
    {
      "ISO": "CH",
      "Country": "Switzerland",
      "Timezone": "Europe/Zurich",
      "Offset": 120
    },
    {
      "ISO": "SY",
      "Country": "Syria",
      "Timezone": "Asia/Damascus",
      "Offset": 180
    },
    {
      "ISO": "TW",
      "Country": "Taiwan",
      "Timezone": "Asia/Taipei",
      "Offset": 480
    },
    {
      "ISO": "TJ",
      "Country": "Tajikistan",
      "Timezone": "Asia/Dushanbe",
      "Offset": 300
    },
    {
      "ISO": "TZ",
      "Country": "Tanzania",
      "Timezone": "Africa/Dar_es_Salaam",
      "Offset": 180
    },
    {
      "ISO": "TH",
      "Country": "Thailand",
      "Timezone": "Asia/Bangkok",
      "Offset": 420
    },
    {
      "ISO": "TG",
      "Country": "Togo",
      "Timezone": "Africa/Lome",
      "Offset": 0
    },
    {
      "ISO": "TK",
      "Country": "Tokelau",
      "Timezone": "Pacific/Fakaofo",
      "Offset": 780
    },
    {
      "ISO": "TO",
      "Country": "Tonga",
      "Timezone": "Pacific/Tongatapu",
      "Offset": 780
    },
    {
      "ISO": "TT",
      "Country": "Trinidad and Tobago",
      "Timezone": "America/Port_of_Spain",
      "Offset": -240
    },
    {
      "ISO": "TN",
      "Country": "Tunisia",
      "Timezone": "Africa/Tunis",
      "Offset": 60
    },
    {
      "ISO": "TR",
      "Country": "Turkey",
      "Timezone": "Europe/Istanbul",
      "Offset": 180
    },
    {
      "ISO": "TM",
      "Country": "Turkmenistan",
      "Timezone": "Asia/Ashgabat",
      "Offset": 300
    },
    {
      "ISO": "TC",
      "Country": "Turks and Caicos Islands",
      "Timezone": "America/Grand_Turk",
      "Offset": -240
    },
    {
      "ISO": "TV",
      "Country": "Tuvalu",
      "Timezone": "Pacific/Funafuti",
      "Offset": 720
    },
    {
      "ISO": "VI",
      "Country": "U.S. Virgin Islands",
      "Timezone": "America/St_Thomas",
      "Offset": -240
    },
    {
      "ISO": "UG",
      "Country": "Uganda",
      "Timezone": "Africa/Kampala",
      "Offset": 180
    },
    {
      "ISO": "UA",
      "Country": "Ukraine",
      "Timezone": "Europe/Kiev",
      "Offset": 180
    },
    {
      "ISO": "UA",
      "Country": "Ukraine",
      "Timezone": "Europe/Uzhgorod",
      "Offset": 180
    },
    {
      "ISO": "UA",
      "Country": "Ukraine",
      "Timezone": "Europe/Zaporozhye",
      "Offset": 180
    },
    {
      "ISO": "AE",
      "Country": "United Arab Emirates",
      "Timezone": "Asia/Dubai",
      "Offset": 240
    },
    {
      "ISO": "GB",
      "Country": "United Kingdom",
      "Timezone": "Europe/London",
      "Offset": 60
    },
    {
      "ISO": "US",
      "Country": "United States",
      "Timezone": "America/Adak",
      "Offset": -540
    },
    {
      "ISO": "US",
      "Country": "United States",
      "Timezone": "America/Anchorage",
      "Offset": -480
    },
    {
      "ISO": "US",
      "Country": "United States",
      "Timezone": "America/Boise",
      "Offset": -360
    },
    {
      "ISO": "US",
      "Country": "United States",
      "Timezone": "America/Chicago",
      "Offset": -300
    },
    {
      "ISO": "US",
      "Country": "United States",
      "Timezone": "America/Denver",
      "Offset": -360
    },
    {
      "ISO": "US",
      "Country": "United States",
      "Timezone": "America/Detroit",
      "Offset": -240
    },
    {
      "ISO": "US",
      "Country": "United States",
      "Timezone": "America/Indiana/Indianapolis",
      "Offset": -240
    },
    {
      "ISO": "US",
      "Country": "United States",
      "Timezone": "America/Indiana/Knox",
      "Offset": -300
    },
    {
      "ISO": "US",
      "Country": "United States",
      "Timezone": "America/Indiana/Marengo",
      "Offset": -240
    },
    {
      "ISO": "US",
      "Country": "United States",
      "Timezone": "America/Indiana/Petersburg",
      "Offset": -240
    },
    {
      "ISO": "US",
      "Country": "United States",
      "Timezone": "America/Indiana/Tell_City",
      "Offset": -300
    },
    {
      "ISO": "US",
      "Country": "United States",
      "Timezone": "America/Indiana/Vevay",
      "Offset": -240
    },
    {
      "ISO": "US",
      "Country": "United States",
      "Timezone": "America/Indiana/Vincennes",
      "Offset": -240
    },
    {
      "ISO": "US",
      "Country": "United States",
      "Timezone": "America/Indiana/Winamac",
      "Offset": -240
    },
    {
      "ISO": "US",
      "Country": "United States",
      "Timezone": "America/Juneau",
      "Offset": -480
    },
    {
      "ISO": "US",
      "Country": "United States",
      "Timezone": "America/Kentucky/Louisville",
      "Offset": -240
    },
    {
      "ISO": "US",
      "Country": "United States",
      "Timezone": "America/Kentucky/Monticello",
      "Offset": -240
    },
    {
      "ISO": "US",
      "Country": "United States",
      "Timezone": "America/Los_Angeles",
      "Offset": -420
    },
    {
      "ISO": "US",
      "Country": "United States",
      "Timezone": "America/Menominee",
      "Offset": -300
    },
    {
      "ISO": "US",
      "Country": "United States",
      "Timezone": "America/Metlakatla",
      "Offset": -480
    },
    {
      "ISO": "US",
      "Country": "United States",
      "Timezone": "America/New_York",
      "Offset": -240
    },
    {
      "ISO": "US",
      "Country": "United States",
      "Timezone": "America/Nome",
      "Offset": -480
    },
    {
      "ISO": "US",
      "Country": "United States",
      "Timezone": "America/North_Dakota/Beulah",
      "Offset": -300
    },
    {
      "ISO": "US",
      "Country": "United States",
      "Timezone": "America/North_Dakota/Center",
      "Offset": -300
    },
    {
      "ISO": "US",
      "Country": "United States",
      "Timezone": "America/North_Dakota/New_Salem",
      "Offset": -300
    },
    {
      "ISO": "US",
      "Country": "United States",
      "Timezone": "America/Phoenix",
      "Offset": -420
    },
    {
      "ISO": "US",
      "Country": "United States",
      "Timezone": "America/Sitka",
      "Offset": -480
    },
    {
      "ISO": "US",
      "Country": "United States",
      "Timezone": "America/Yakutat",
      "Offset": -480
    },
    {
      "ISO": "US",
      "Country": "United States",
      "Timezone": "Pacific/Honolulu",
      "Offset": -600
    },
    {
      "ISO": "UM",
      "Country": "United States Minor Outlying Islands",
      "Timezone": "Pacific/Midway",
      "Offset": -660
    },
    {
      "ISO": "UM",
      "Country": "United States Minor Outlying Islands",
      "Timezone": "Pacific/Wake",
      "Offset": 720
    },
    {
      "ISO": "UY",
      "Country": "Uruguay",
      "Timezone": "America/Montevideo",
      "Offset": -180
    },
    {
      "ISO": "UZ",
      "Country": "Uzbekistan",
      "Timezone": "Asia/Samarkand",
      "Offset": 300
    },
    {
      "ISO": "UZ",
      "Country": "Uzbekistan",
      "Timezone": "Asia/Tashkent",
      "Offset": 300
    },
    {
      "ISO": "VU",
      "Country": "Vanuatu",
      "Timezone": "Pacific/Efate",
      "Offset": 660
    },
    {
      "ISO": "VA",
      "Country": "Vatican",
      "Timezone": "Europe/Vatican",
      "Offset": 120
    },
    {
      "ISO": "VE",
      "Country": "Venezuela",
      "Timezone": "America/Caracas",
      "Offset": -240
    },
    {
      "ISO": "VN",
      "Country": "Vietnam",
      "Timezone": "Asia/Ho_Chi_Minh",
      "Offset": 420
    },
    {
      "ISO": "WF",
      "Country": "Wallis and Futuna",
      "Timezone": "Pacific/Wallis",
      "Offset": 720
    },
    {
      "ISO": "EH",
      "Country": "Western Sahara",
      "Timezone": "Africa/El_Aaiun",
      "Offset": 60
    },
    {
      "ISO": "YE",
      "Country": "Yemen",
      "Timezone": "Asia/Aden",
      "Offset": 180
    },
    {
      "ISO": "ZM",
      "Country": "Zambia",
      "Timezone": "Africa/Lusaka",
      "Offset": 120
    },
    {
      "ISO": "ZW",
      "Country": "Zimbabwe",
      "Timezone": "Africa/Harare",
      "Offset": 120
    }
  ]